Manager,Fund,1,2,3,4,5,age
30000000000000020478,000011.OF,-0.149481632,0.315315315,0.334527654,0.046428025,-0.149874428,5.668493151
30382072,000017,-0.151666667,0.310412574,0.426149209,-0.066470902,-0.105338281,6.643835616
30000000000000020174,000021,-0.164809186,0.24828144,0.388906909,0.110583768,-0.208163265,9.649315068
30382395,000039,-0.255531979,0.445371878,0.565018832,0.481965193,-0.327493542,5.783561644
30380532,000041,-0.135238095,0.190899001,0.307835821,-0.152266289,-0.28440367,6.605479452
30383013,000043,0.013905683,0.310054184,0.270469181,0.224918508,-0.210495283,9.553424658
30000000000000019998,000051,-0.225980015,0.358490566,0.28101173,-0.015151515,-0.189084863,5.709589041
30000000000000018239,000059,-0.164504111,0.163668512,0.281994645,0.02141429,-0.113848237,6.369863014
30000000000000017812,000065,-0.024178549,0.139771283,0.12786153,0.134663342,-0.028552574,9.657534247
30000000000000019720,000071,-0.089334549,0.136301122,-0.074879533,-0.146562371,-0.065661914,7.032876712
30000000000000017049,000072,0.025246981,0.038650964,0.111701853,0.074947467,-0.029763718,9.638356164
30000000000000016850,000083,-0.183849821,0.728368018,0.786564626,-0.021274009,-0.207673267,6.734246575
30000000000000021114,000121,-0.052070263,0.219722038,0.288816504,0.065957447,-0.090981964,6.323287671
30000000000000020429,000136,-0.127356676,0.391093474,0.698059179,0.083991524,-0.320540156,8.490410959
30381649,000172,-0.132444815,0.172347576,0.148953632,0.02958153,-0.098101266,9.419178082
30000000000000016575,000173,-0.236598146,0.382259768,0.414746544,0.051724138,-0.18530267,9.523287671
30000000000000025818,000190,0.006892231,0.108343711,0.14904387,0.000981836,-0.037800687,9.312328767
30000000000000016564,000195,0.042815675,0.125956855,0.217606944,0.044478528,-0.024521824,7.378082192
30000000000000021212,000242,-0.136066548,0.273727648,0.452225841,0.403396226,-0.173097826,8.189041096
30000000000000018845,000248,-0.206085842,0.623043408,0.704913931,-0.050457897,-0.129840475,7.416438356
30000000000000015975,000264,-0.203723987,0.328748281,0.557291667,0.214384509,-0.376,5.81369863
30000000000000022104,000326,-0.00686368,0.252375924,0.415882806,0.219863659,-0.050414805,7.180821918
30381750,000339,-0.146525097,0.711323884,0.762047118,0.096745236,-0.283323812,6.912328767
30000000000000016654,000368,-0.254523001,0.342249089,0.476134245,0.098699083,-0.150311769,9.156164384
30381494,000373,-0.237687366,0.299625468,0.501100514,-0.124383021,-0.215909091,5.224657534
30249178,000408,-0.168996711,0.409698169,0.451167728,-0.046248462,-0.190808159,5.756164384
30382067,000423,-0.203910615,0.453508772,0.253026634,0.049,-0.153221957,8.021917808
30000000000000024688,000457,-0.39118123,0.381395349,0.361776062,0.16628661,-0.2176317,8.005479452
30000000000000097421,000480,-0.212476371,0.244839174,0.322079938,0.278462001,-0.101751065,7.301369863
30000000000000158407,000520,-0.134072022,0.309660909,0.275659824,0.042182663,-0.079270562,7.64109589
30000000000000022082,000527,-0.173775671,0.395315488,0.834425664,-0.040742158,-0.310937812,7.6
30000000000000025818,000572,-0.002747253,0.084710744,0.139771283,0.010055866,-0.032650802,8.75890411
30593893,000587,-0.232065687,0.272369162,0.556933983,0.29724238,-0.206406497,5.564383562
30000000000000016913,000589,-0.198266522,0.516216216,0.514541387,0.092709271,-0.181043956,7.720547945
30000000000000018234,000592,-0.336387435,0.607495069,1.029605263,0.363560559,-0.265707211,8.638356164
30000000000000097575,000619,-0.218863362,0.47871517,0.409784324,-0.086485459,-0.150647723,7.520547945
30380853,000628,-0.157480315,0.421998562,0.608320649,0.306280193,-0.163357628,7.430136986
30383011,000698,-0.261606023,0.711979609,0.565260546,0.381617408,-0.378691236,6.279452055
30000000000000068496,000727,-0.163618864,0.86881473,0.704216488,0.17567057,0.056609948,6.350684932
30000000000000017728,000753,0.00887839,0.056838366,0.07501147,-0.004623044,-0.047468808,8.293150685
30000000000000015324,000755,-0.414224616,0.704880357,0.52678074,-0.072634955,-0.456636348,7.616438356
30000000000000018375,000757,-0.2845953,0.356447689,0.517647059,0.192028986,-0.268067658,5.649315068
30000000000000016682,000762,0.035911602,0.142222222,0.088006231,0.005017921,-0.089158345,5.8
30000000000000016896,000762,0.035911602,0.142222222,0.088006231,0.005017921,-0.089158345,5.8
30000000000000021675,000778,-0.270072993,0.618333333,0.73626943,0.026969697,-0.169611307,8.161643836
30000000000000015487,000794,-0.175100402,0.544303797,0.671528218,0.301680344,-0.265009096,5.989041096
30000000000000014752,000834,0.039021164,0.375641026,0.35480859,0.232389503,-0.27361382,8.136986301
30000000000000178234,000835,-0.176905575,0.442985487,0.422962608,0.020471145,-0.124310136,5.416438356
30000000000000022440,000844,0.003371869,0.09993599,0.116825489,0.00542732,-0.06598059,6.005479452
30381532,000877,-0.214061774,0.316885803,0.225483581,0.043433732,-0.126210545,7.221917808
30381621,000932,0.027350427,0.188851913,0.107843137,0.05393401,-0.00873494,7.967123288
30382111,000934,-0.142642643,0.384479718,0.631847134,-0.009865825,-0.211057304,7.024657534
30000000000000026898,000950,-0.219010501,0.451067369,0.112536831,-0.11578762,-0.170238214,7.945205479
30000000000000013382,000976,-0.171600965,0.353403904,0.670112782,0.376461762,-0.176172614,5.797260274
30380227,000986,-0.177097204,0.181229773,0.458161866,-0.128107075,-0.357380688,5.649315068
30000000000000016161,001008,-0.196996466,0.380638064,0.829209896,0.148841355,-0.206775701,7.931506849
30000000000000024683,001009,-0.303448276,0.722772277,0.810604805,0.030149115,-0.268668831,6.197260274
30000000000000017661,001015,-0.207188161,0.365333333,0.337475474,0.048804781,-0.171741199,6.120547945
30382511,001040,-0.237179487,0.601440576,0.71633888,0.027048813,-0.050585193,5.62739726
30000000000000016654,001050,-0.225066196,0.369738339,0.410192147,0.193625977,-0.132927448,7.876712329
30000000000000016782,001050,-0.225066196,0.369738339,0.410192147,0.193625977,-0.132927448,7.106849315
30000000000000019720,001051,-0.172916667,0.316120907,0.201052632,-0.072905685,-0.158005618,6.084931507
30000000000000020498,001052,-0.305847076,0.261339093,0.22371134,0.179110858,-0.171692607,6.2
30000000000000022082,001053,-0.175019889,0.451301832,0.932396252,-0.058180536,-0.313180623,7.539726027
30381649,001073,0.023764794,0.056508577,0.042523648,0.022091188,-0.001876173,7.512328767
30381532,001074,-0.234161548,0.366171894,0.331018111,0.050558021,-0.16511284,7.221917808
30000000000000021922,001102,-0.283848797,0.744721689,1.13550885,-0.091270894,-0.291593695,7.654794521
30382645,001110,0.039387005,0.098552078,0.160211589,0.078778304,-0.060413199,6.97260274
30000000000000025372,001117,-0.221525601,0.624161074,0.601170569,0.019864088,-0.115312985,6.084931507
30000000000000021818,001122,0.013875387,0.113765147,0.138584403,0.08377724,0.009913021,7.616438356
30382645,001146,0.024706083,0.101363712,0.160018132,0.082875458,-0.050474521,6.97260274
30000000000000023935,001150,-0.246031746,0.307368421,0.588617886,0.103664921,-0.240191388,7.345205479
30000000000000022241,001170,-0.316793893,0.520949721,0.73816156,-0.137180185,-0.335659898,7.701369863
30381341,001178,-0.157079646,0.572178478,0.194428969,-0.014097744,-0.107795958,7.62739726
30243212,001179,-0.163172607,0.451101138,0.393408337,0.069061939,-0.058992806,7.580821918
30000000000000021818,001190,0.020801714,0.099615183,0.116247613,0.125625626,0.007764272,7.616438356
30000000000000072235,001202,-0.015846539,0.172033898,0.153623188,0.06868305,-0.037802717,7.471232877
30000000000000020925,001210,-0.272874852,0.712459416,0.384386882,0.036673329,-0.283132021,6.860273973
30000000000000016012,001242,-0.283986995,0.353199943,0.208425487,-0.005850545,-0.190069263,7.452054795
30000000000000016161,001245,-0.305626598,0.480662983,1.227895392,0.605383734,-0.258381924,7.58630137
30000000000000024792,001252,-0.220415537,0.472769409,0.521327014,0.170575693,-0.254353804,6.42739726
30000000000000014777,001280,-0.229700073,0.508072175,0.668781726,0.036032546,-0.132385939,5.147945205
30000000000000072235,001309,-0.010662605,0.180138568,0.179790026,0.055524397,-0.02020202,7.471232877
30000000000000018427,001313,-0.337333333,0.635814889,0.625925926,-0.010286156,-0.338695755,7.567123288
30391651,001316,0.050050471,0.109037013,0.056845303,0.074528625,0.017980548,5.016438356
30000000000000015502,001323,-0.296903461,0.300518135,0.666233766,0.539627253,-0.335973886,6.682191781
30000000000000022104,001335,-0.017376195,0.187444739,0.144776119,0.051701571,-0.000623053,7.619178082
30000000000000026898,001344,-0.177350639,0.398964355,0.565148584,-0.143464219,-0.231946469,5.109589041
30000000000000020537,001351,-0.318871252,0.261559696,0.351403149,0.175460377,-0.187610619,7.567123288
30382534,001370,-0.042513863,0.219323671,0.232355274,0.087096774,-0.162998215,7.276712329
30000000000000018975,001398,-0.295823666,0.6276771,0.729979466,0.192331102,-0.263454639,7.542465753
30381011,001405,0.009957572,0.10566944,0.129147564,0.063461406,-0.007148892,6.408219178
30000000000000017578,001405,0.009957572,0.10566944,0.129147564,0.063461406,-0.007148892,5.323287671
30378912,001410,-0.158142665,0.892971246,0.580454928,0.468868435,-0.283856586,6.202739726
30383013,001416,-0.343638526,0.472826087,0.624069479,0.034321373,-0.30484115,7.567123288
30000000000000016862,001417,-0.084946237,0.459459459,0.71007371,0.026531597,-0.33581742,7.542465753
30000000000000023671,001470,0.027803522,0.125338142,0.14939759,0.076706545,0.120994114,7.550684932
30380099,001480,-0.230605739,0.729281768,0.506462036,0.270890224,-0.089760349,7.512328767
30000000000000018427,001482,-0.307760928,0.592783505,0.786190089,0.061399861,-0.324983635,7.408219178
30000000000000016671,001490,-0.333333333,0.511049724,0.928505958,0.154929577,-0.192730347,7.482191781
30000000000000019355,001499,0.01580756,0.150228388,0.211347413,0.074017574,-0.005686988,6.583561644
30000000000000019355,001520,-0.246753247,0.422310757,0.722429907,0.174322081,-0.15762152,5.084931507
30379471,001538,-0.203420342,0.659887006,1.039890336,0.089364617,-0.35769267,6.120547945
30000000000000097421,001564,-0.222146739,0.276614311,0.380591879,0.337078652,-0.103302611,7.301369863
30000000000000022104,001566,0.030414747,0.140555058,0.14375491,0.053103448,-0.003931848,7.487671233
30000000000000022104,001570,-0.006628788,0.110581506,0.152192605,0.068965517,0.005614035,7.120547945
30000000000000015075,001584,0.035799087,0.047358674,0.017014825,0.03943662,-0.020730346,5.046575342
30382111,001605,-0.1607298,0.559833507,0.680907877,0.005233494,-0.292741935,5.484931507
30000000000000013638,001637,-0.270099368,0.436881188,0.3673293,0.261107534,-0.111271082,7.071232877
30000000000000016030,001651,-0.166907514,0.378143972,0.625867508,0.105697446,-0.167380443,7.408219178
30000000000000021919,001667,-0.215935335,0.491899853,0.828202582,0.238542242,-0.124775583,5.046575342
30000000000000016814,001668,-0.061428571,0.358720487,0.621212121,-0.064169268,-0.268932397,5.934246575
30000000000000021922,001679,-0.02850062,0.825255102,1.192550949,-0.096657929,-0.291878173,7.312328767
30378898,001701,-0.283887468,0.552380952,0.808378588,0.400353513,-0.21024173,5.575342466
30391651,001710,0.02889096,0.096014493,0.05794702,0.061128527,0.020725389,5.016438356
30000000000000016161,001716,-0.0925,0.258034894,1.219619327,0.303541315,-0.245828989,7.010958904
30000000000000016564,001720,0.021547502,0.112176414,0.124352332,0.047031611,-0.028002948,6.008219178
30382504,001725,-0.201618837,0.342857143,0.628965517,0.270060397,-0.165594311,5.78630137
30000000000000016842,001726,-0.305936073,0.513157895,0.615789474,0.109513274,-0.174786539,7.084931507
30000000000000023475,001728,-0.228198859,0.535374868,0.571428571,-0.004070556,-0.260255242,7.350684932
30000000000000036697,001736,-0.19828156,0.354492993,0.897357099,0.188778878,-0.174223342,7.180821918
30380233,001763,-0.129925453,0.210526316,0.421212121,0.279654925,0.136338028,6.043835616
30379284,001765,-0.049773756,0.101048618,0.20797227,0.082191781,-0.016010674,5.934246575
30000000000000023275,001808,-0.309471366,0.609250399,0.968253968,0.276804124,-0.281925745,7.123287671
30415976,001809,-0.303469751,0.71366539,0.552254404,0.443572179,-0.130457784,5.6
30000000000000024384,001810,-0.176753783,0.258980785,0.175415282,0.287507131,-0.095878136,7.117808219
30000000000000021922,001837,-0.228646518,0.158798283,0.469026549,-0.017179487,-0.288194989,7.068493151
30000000000000019278,001838,-0.261261261,0.202090592,0.930131004,0.285827395,-0.21942225,7.084931507
30000000000000018234,001858,-0.212074303,0.349545566,1.057611284,0.398304699,-0.264632731,5.180821918
30000000000000021922,001874,-0.101905551,0.476722533,0.521410579,0.006791171,-0.274186734,6.120547945
30000000000000021922,001875,-0.070412518,0.506503443,0.712614446,-0.009068924,-0.217231897,6.704109589
30381067,001897,-0.184343434,0.254901961,0.25721352,0.201596806,-0.231835829,6.569863014
30000000000000020174,001924,-0.290983607,0.497109827,0.714285714,0.227877386,-0.283539486,7.104109589
30000000000000021025,001927,-0.188560654,0.443841983,0.727762803,-0.055662188,-0.19546838,6.912328767
30000000000000016757,001955,-0.17862969,0.703482587,0.444705882,0.349486653,-0.093680641,6.161643836
30382029,001965,-0.151600753,0.349611543,0.369474562,0.016759777,0.043222986,5.531506849
30000000000000021922,001986,-0.34670704,0.462340672,0.747217806,0.194065002,-0.353267327,6.663013699
30381784,001990,-0.177968422,0.469058993,0.537392757,0.243588454,-0.190768356,6.969863014
30000000000000016564,002006,0.008130081,0.137219731,0.154818325,0.028846154,-0.064128257,6.109589041
30000000000000015803,002015,0.050232558,0.056687334,0.193115029,0.061571125,0.002672011,5.394520548
30382128,002027,0.03471434,0.084765911,0.088279933,0.059358247,-0.015123706,7.01369863
30000000000000019713,002031,-0.121316306,0.283957518,0.457323728,0.080735898,-0.206360424,5.821917808
30000000000000023671,002049,0.021863118,0.124651163,0.170671085,0.085348506,0.179672131,7.126027397
30000000000000018442,002064,-0.235621521,0.537621359,0.506719368,0.319615179,-0.229702162,5.652054795
30000000000000015888,002095,0.036095388,0.220679151,0.26238316,0.190067987,-0.048241906,6.84109589
30000000000000018117,002155,-0.123678339,0.391963693,-0.030242738,-0.044077813,-0.230353466,5.301369863
30000000000000013841,002156,-0.16737109,0.209137056,0.193277311,0.03664068,-0.051304884,6.304109589
30000000000000021794,002160,-0.228652082,0.583714547,0.851249274,0.103139013,-0.192070485,6.778082192
30000000000000014777,002161,-0.249781659,0.188591385,0.26889107,0.041245136,-0.047120419,5.104109589
30000000000000021981,002220,-0.14547118,0.434047109,0.39719976,0.058855175,-0.029555397,5.005479452
30000000000000017340,002222,0.017667845,0.053819444,0.226523888,0.072972973,-0.014492754,6.734246575
30000000000000013404,002227,0.048168007,0.093552789,0.059277747,0.036104548,-0.009129815,6.715068493
30382517,002229,-0.099301784,0.368647717,0.620101138,0.079062376,-0.182088443,5.98630137
30000000000000015052,002236,-0.267806268,0.433937824,0.175883953,0.365549493,-0.052359033,6.912328767
30382308,002305,-0.280339806,0.392917369,0.442143727,0.30102916,-0.190885073,6.909589041
30000000000000021448,002332,-0.267410334,0.44315273,0.462580502,-0.130341223,-0.180212227,6.142465753
30381341,002407,-0.038504673,0.696404276,0.20393755,0.005073227,-0.084757151,6.764383562
30382534,002430,-0.015769944,0.199811499,0.173092054,0.057756884,-0.080737444,6.391780822
30377392,002449,-0.274422735,0.159118727,0.208245243,0.124338624,0.044059795,6.621917808
30378935,002450,-0.097246127,0.620591039,0.571091445,0.126235741,-0.173283984,6.356164384
30383011,002482,-0.202802968,0.790673575,0.737572254,0.260632868,-0.337867247,6.279452055
30000000000000025365,002494,-0.005560704,0.111835974,0.168482816,0.075379061,-0.05441216,6.734246575
30000000000000025365,002498,-0.060197664,0.180688337,0.150729335,0.072946176,-0.052875083,6.687671233
30000000000000022188,002577,-0.172642762,0.568218299,0.641528926,0.182462927,-0.261295591,5.046575342
30000000000000016030,002594,-0.120428189,0.222109533,0.799166667,0.015391791,-0.090160183,6.180821918
30000000000000023739,002605,-0.132660978,0.371198569,0.202506596,0.087699945,-0.069578466,6.580821918
30382534,002616,0.034026465,0.173674589,0.190179267,0.095269382,-0.078171978,6.687671233
30000000000000022183,002656,-0.263346044,0.423095585,0.645783408,0.149475772,-0.277685339,6.619178082
30000000000000021237,002708,-0.056956116,0.581188119,0.84747926,0.148757438,-0.266141255,6.506849315
30000000000000016591,002717,-0.010481586,0.208647514,0.340351433,0.105812221,-0.091852733,6.580821918
30000000000000018377,002728,0.064135021,0.099920698,0.122021661,0.054263566,-0.042357274,6.317808219
30000000000000013685,002732,-0.167669819,0.129399586,0.516544118,0.061576355,-0.226349391,6.493150685
30382504,002746,-0.109456441,0.077759197,0.414463453,0.096175478,-0.150817996,6.580821918
30000000000000072235,002783,-0.012963493,0.215762024,0.178531613,0.061097172,-0.03169217,6.273972603
30381649,002804,0.024937174,0.07146898,0.056748196,0.012470901,0.004451039,6.602739726
30382873,002804,0.024937174,0.07146898,0.056748196,0.012470901,0.004451039,5.339726027
30000000000000022183,002900,-0.31247981,0.690416536,0.075543227,0.167001134,-0.290071188,6.375342466
30000000000000026574,002939,-0.307553687,1.049658463,0.764777736,0.089089363,-0.200729407,5.493150685
30000000000000023779,002955,-0.234927235,0.600543478,0.749356223,0.097548774,-0.232983097,6.375342466
30000000000000072235,003044,-0.034855224,0.142910904,0.082674572,0.048544429,-0.022480902,6.339726027
30378805,003095,-0.141935484,0.69924812,0.976979225,-0.046251077,-0.221364452,6.257534247
30378602,003117,-0.011948529,0.118139535,0.2075,0.066620402,-0.021498371,5.816438356
30000000000000021601,003161,0.003431513,0.144689341,0.152663509,0.043484552,-0.01833206,6.276712329
30000000000000013841,003169,-0.150681174,0.240176553,0.419584673,0.039839159,-0.082385179,6.378082192
30000000000000016896,003189,0.015947467,0.109879963,0.092422981,0.051340996,-0.016046681,6.257534247
30382070,003304,-0.108928571,0.318637275,0.484520124,0.452356021,0.036245016,6.208219178
30382538,003308,-0.138588576,0.146245059,0.239675834,0.032421408,-0.17484915,5.934246575
30000000000000022604,003333,-0.356088757,0.183676834,0.386532269,0.203163772,-0.276127707,6.030136986
30000000000000019017,003413,-0.226838811,0.607168313,0.388280013,0.048551959,-0.261269549,5.479452055
30000000000000022104,003476,-0.014299901,0.129497128,0.141109226,0.050204274,-0.007040671,6.049315068
30000000000000021040,003561,-0.069172932,0.119066855,0.321166561,-0.025646358,-0.107921356,5.852054795
30000000000000019538,003581,-0.183556405,0.326697892,0.935251799,-0.084936649,-0.171494607,6.008219178
30381045,003582,-0.212150434,0.449204406,0.384876805,0.02431592,-0.256586553,5.416438356
30380106,003624,-0.342397518,0.337596225,0.895410786,0.245730883,-0.111439802,6.164383562
30593893,003692,0.026971149,0.089877357,0.115571981,0.050588946,-0.009856824,6.139726027
30000000000000021080,003692,0.026971149,0.089877357,0.115571981,0.050588946,-0.009856824,5.652054795
30000000000000017320,003765,-0.253872192,0.381220786,0.5931255,0.13274393,-0.283508653,5.605479452
30381274,003831,-0.029166667,0.151292569,0.20340249,0.189192934,-0.129577956,5.838356164
30000000000000021107,003834,-0.252525253,0.504914005,1.210139002,0.481128479,-0.258979698,5.569863014
30382534,003850,-0.016917469,0.176190929,0.176779935,0.093497897,-0.08033346,6.02739726
30000000000000017728,003876,-0.216037369,0.465395691,0.446304614,-0.00023982,-0.223799179,6.063013699
30378264,003889,-0.118166384,0.904204528,0.63549394,0.137215241,-0.22544269,5.956164384
30000000000000023484,003940,-0.250431064,0.594166897,0.62268854,0.084207089,-0.163427238,6.02739726
30000000000000022183,004069,-0.227204301,0.454292473,0.209683568,0.009697567,-0.24806328,5.819178082
30000000000000158407,004138,-0.209490429,0.613731954,0.46580172,0.095398758,-0.103318554,5.816438356
30000000000000017661,004202,0.007413998,0.105113358,0.131118415,0.105881425,-0.024842947,5.342465753
30000000000000016964,004263,-0.059551431,0.469759735,0.505131129,0.022868217,-0.203082852,5.506849315
30000000000000018879,004266,-0.162112933,0.221955478,0.557049386,0.097438297,-0.177012609,5.638356164
30000000000000072235,004278,-0.055545912,0.236143028,0.106633649,-0.031031648,-0.044740024,5.679452055
30382067,004316,-0.141162745,0.460369656,0.244186951,0.076976685,-0.010309278,5.778082192
30000000000000021414,004351,-0.202960433,0.337459826,0.534626039,0.234899329,-0.148120746,5.583561644
30000000000000017340,004353,0.026029562,0.080735774,0.128192204,0.026581805,-0.017459274,5.794520548
30381649,004394,-0.248742708,0.488219545,0.732368897,0.185293961,-0.253160556,5.64109589
30000000000000016774,004436,0.045779955,0.101603315,0.134080497,-0.04385647,-0.038161581,5.054794521
30378829,004442,0.029614912,0.09713288,0.101290214,0.072017089,-0.029562616,5.742465753
30378899,004495,-0.103773585,0.229134104,0.152887979,0.191895911,-0.096677492,5.663013699
30000000000000021919,004517,-0.010151293,0.161341223,0.138092402,0.063928652,-0.014323009,5.37260274
30377392,004532,-0.132131244,0.152049462,-0.017338193,0.037953134,-0.11100311,5.583561644
30000000000000022183,004597,-0.100424189,0.323135965,0.046968191,0.021968366,-0.043661642,5.509589041
30382125,004617,-0.118869244,0.236621315,0.253832737,0.073183289,-0.033068057,5.032876712
30000000000000021146,004640,-0.241086957,0.40784763,1.146577154,0.294299816,-0.200331562,5.391780822
30000000000000022071,004642,-0.262986049,0.269845534,-0.065753134,-0.042462601,-0.084014145,5.356164384
30381160,004685,0.067766647,0.135799062,0.513301779,0.410245255,0.362892911,5.131506849
30000000000000206392,004702,-0.179135933,0.472400513,0.262195122,0.094833687,-0.111688312,5.37260274
30382125,004730,-0.263420974,0.368892508,0.52602767,0.121546227,-0.172272159,5.301369863
30378692,004868,-0.188305253,0.517539964,1.031447002,0.056221807,-0.077010898,5.353424658
30000000000000016862,004877,-0.072441099,0.330649433,0.496769562,0.23243359,-0.19091499,5.378082192
30378825,004888,-0.044173496,0.207278812,0.165768897,0.095839916,-0.000897047,5.339726027
30243537,004936,-0.153254792,0.368545154,0.152076512,0.11182206,-0.154052198,5.049315068
30000000000000036697,004958,-0.205533597,0.356631477,0.931787422,0.195106859,-0.16951195,5.339726027
30000000000000021635,005028,-0.206486486,0.581867724,0.931039924,0.155484113,-0.258724209,5.230136986
30381532,005055,-0.210076518,0.283647799,0.403619197,0.139245014,-0.153235961,5.265753425
30381649,005055,-0.210076518,0.283647799,0.403619197,0.139245014,-0.153235961,5.265753425
30000000000000022104,005059,-0.010960542,0.12656187,0.14847318,0.048774759,-0.003960544,5.164383562
30382872,005082,-0.1766,0.116194626,0.198698482,0.086047152,-0.159538357,5.008219178
30378264,005109,-0.223955762,0.568575064,0.45958486,0.023356009,-0.202255305,5.109589041
30000000000000016591,005231,-0.163707103,0.352737683,0.280678387,0.062729859,-0.117554551,5.065753425
30380233,005233,-0.071364497,0.421058281,0.624378109,0.247273411,0.115327915,5.049315068
30000000000000023262,005237,-0.229860154,0.451476793,0.697467672,-0.054103084,-0.182424414,5.145205479
30000000000000023262,005260,-0.281787285,0.348177011,0.454696075,0.290753994,-0.174391069,5.046575342
30381532,005269,-0.140471906,0.084924447,0.00463412,0.05444157,-0.028268914,5.032876712
30000000000000027911,005270,-0.21534777,0.304629865,0.648376369,0.012107704,-0.108996229,5.084931507
30000000000000021313,040005,-0.176388381,0.560543969,0.347303274,0.353073958,-0.284082691,7.180821918
30000000000000017177,040015,-0.188858696,0.451144612,0.408950617,0.641125662,-0.18593482,7.547945205
30000000000000016012,050002,-0.091264818,0.127117303,0.128200079,-0.021864936,-0.077693655,7.452054795
30000000000000015975,050018,-0.233695652,0.319148936,0.409582689,0.170283806,-0.269157994,8.345205479
30000000000000022086,070099,-0.131462334,0.236819728,0.42906455,-0.048928919,-0.160714286,8.369863014
30243576,090001,-0.053024421,0.048032163,0.136562429,0.035637584,-0.032084289,5.304109589
30000000000000015009,090001,-0.053024421,0.048032163,0.136562429,0.035637584,-0.032084289,5.304109589
30000000000000015054,090004,-0.064963941,0.102856446,0.170996811,-0.002678721,-0.084653788,6.15890411
30593893,090009,-0.277844311,0.531068766,0.669201521,0.269719251,-0.253517388,7.052054795
30000000000000015052,090010,-0.137931034,0.191612903,0.087642896,0.165743073,-0.012641674,8.073972603
30000000000000014864,090011,-0.152870091,0.227532097,0.250582751,0.036740462,-0.107061503,6.830136986
30243576,090020,-0.316443595,0.360839161,0.92460733,0.14159292,-0.29243453,8.520547945
30000000000000014752,096001,-0.036598493,0.246344207,0.009502262,0.200090131,-0.032342986,11.35616438
30000000000000026898,110020,-0.222049113,0.357967007,0.301557106,-0.006668504,-0.186647363,6.712328767
30000000000000019720,159902,-0.358470526,0.393625828,0.446342926,0.075105485,-0.247976308,6.084931507
30000000000000022183,159903,-0.340687938,0.457446809,0.432954276,0.073443948,-0.249960611,6.369863014
30000000000000016766,159912,-0.340025094,0.472934473,0.432255276,0.026442554,-0.254094666,7.989041096
30000000000000018845,159912,-0.340025094,0.472934473,0.432255276,0.026442554,-0.254094666,7.375342466
30382125,159916,-0.234340421,0.545614476,0.280275828,-0.031786107,-0.174934374,5.260273973
30000000000000019720,159920,-0.082491795,0.136091378,-0.079748612,-0.146471018,-0.05570877,7.032876712
30000000000000014864,159923,-0.214712919,0.384030418,0.277472527,-0.066958425,-0.206020696,9.901369863
30000000000000022071,159925,-0.23923445,0.40336581,0.354111238,-0.006722288,-0.1966755,9.630136986
30000000000000018845,159928,-0.222079534,0.662870034,0.737804878,-0.062079689,-0.137771154,7.416438356
30000000000000018845,159929,-0.251623889,0.315111186,0.553039723,-0.104552617,-0.213656809,7.416438356
30000000000000018845,159930,-0.246568859,0.112832551,-0.092751583,0.404506605,0.171748531,7.416438356
30000000000000018845,159931,-0.200765607,0.328308824,0.017882769,-0.080562943,-0.126774174,7.416438356
30000000000000019333,159933,-0.164341963,0.378186969,0.143016361,-0.024114154,-0.108609326,9.18630137
30000000000000014864,159943,-0.33420026,0.45703125,0.433962264,0.10430622,-0.24,7.578082192
30000000000000022183,159948,-0.291146236,0.440979261,0.672861645,0.154209023,-0.290968745,6.638356164
30000000000000017320,159952,-0.270972306,0.444197976,0.6635496,0.153691196,-0.291362843,5.687671233
30000000000000022071,160119,-0.288830662,0.239376285,0.223217385,0.171741007,-0.161083111,9.698630137
30000000000000022080,160133,-0.1590607,0.517640864,0.616591147,-0.067178924,-0.183325438,7.547945205
30000000000000022183,160135,-0.244777628,0.04794826,1.062913201,0.076659039,-0.074699263,7.504109589
30380532,160322,-0.244865719,0.17598963,0.437642875,-0.169825988,-0.211565173,6.139726027
30000000000000020296,160323,-0.053578451,0.078337662,0.149560684,0.136920348,0.002828854,6.016438356
30000000000000021571,160613,-0.088415882,0.246070947,0.157400722,0.033983638,-0.044552945,11.01643836
30000000000000021675,160627,-0.234138973,0.557199211,0.587484036,0.018404908,-0.144115292,7.389041096
30000000000000015010,160916,-0.175743707,0.409772349,0.429706116,0.007034328,-0.101943115,7.619178082
30381892,160918,-0.052311436,0.144171123,0.320673527,0.004358388,-0.040971407,7.739726027
30000000000000015009,160919,-0.089102763,0.174505794,0.266318538,0.201021356,-0.084597433,7.490410959
30000000000000014752,160922,-0.187230371,0.122712594,0.075670498,-0.097933513,-0.104145602,6.082191781
30000000000000014752,160924,-0.097328244,0.115508021,-0.076335878,-0.145811789,-0.051470588,5.394520548
30000000000000019312,161211,-0.15129812,0.355485232,0.133887965,-0.028457314,-0.104181687,7.893150685
30000000000000019333,161217,-0.291237113,0.243636364,0.298091043,0.442791762,-0.055955236,8.443835616
30000000000000019231,161222,-0.155537459,0.365477338,0.391796322,0.303673047,-0.036370903,6.435616438
30381901,161225,-0.261697066,0.659505908,0.497731692,0.299247455,-0.106616387,5.838356164
30000000000000019312,161227,-0.321982974,0.538404727,0.508458192,0.033920417,-0.234439179,7.38630137
30381901,161232,-0.361904762,0.524253731,0.549693252,0.218800648,-0.124414716,6.008219178
30381901,161233,-0.085870647,0.23503157,0.236958054,0.098272525,-0.022892275,5.838356164
30000000000000023779,161604,-0.147916667,0.186226569,0.217436251,0.004858531,-0.132080843,8.189041096
30000000000000023602,161606,-0.05022981,0.287245074,0.304983749,-0.039991581,-0.157824934,10.50136986
30000000000000023814,161607,-0.085580726,0.150943396,0.164388243,-0.007100592,-0.07191883,7.890410959
30000000000000023602,161610,-0.185459441,0.518181818,0.569856986,-0.029778887,-0.217207074,5.868493151
30000000000000023814,161612,-0.312364425,0.460567823,0.444082519,0.086523737,-0.228429986,6.117808219
30000000000000023814,161613,-0.099662975,0.138502674,0.265882353,0.058292591,-0.124777817,6.117808219
30000000000000023779,161631,-0.305158006,0.591292329,0.268956522,0.127374302,-0.325701167,5.728767123
30000000000000022241,162207,-0.250428455,0.421666934,0.555596633,-0.125732512,-0.293639022,8.775342466
30000000000000022186,162208,-0.20784353,0.356633201,0.394217273,0.136023153,-0.116199837,8.115068493
30000000000000022201,162214,-0.333333333,0.588064047,0.451016636,-0.241157556,-0.228251507,6.024657534
30000000000000018239,162509,-0.145234493,0.245132743,-0.269559033,-0.017804154,-0.194752775,12.80547945
30000000000000015927,162605,-0.053947043,0.19565786,0.366169373,-0.042822384,-0.069373942,7.482191781
30000000000000026574,162703,-0.09827866,0.289018705,0.34872089,0.02295949,-0.106160849,5.536986301
30000000000000017320,162711,-0.305264744,0.245636856,0.226855494,0.187432208,-0.176921191,8.756164384
30000000000000020537,163209,-0.143447462,0.035606061,0.174263091,0.072556284,-0.097768332,10.43287671
30382113,163302,-0.078824154,0.054597852,0.208808406,0.060038801,-0.095705833,6.542465753
30000000000000017842,164508,-0.184281843,0.394241417,0.294351631,-0.066167291,-0.182183523,7.77260274
30000000000000016766,164705,-0.076807229,0.117986799,-0.095664952,-0.13002441,-0.037810757,8.82739726
30000000000000016297,164811,-0.14399384,0.110561427,0.095144312,0.123053742,-0.169360269,8.210958904
30000000000000018150,165309,-0.214673693,0.358691164,0.364710366,0.044197952,-0.177692728,13.16164384
30000000000000018150,165310,-0.2,0.314749471,0.210758472,0.019442324,-0.116693894,7.775342466
30000000000000025372,166001,-0.132570557,0.272935108,0.339260082,0.018295652,-0.065092621,11.38356164
30000000000000025372,166002,-0.086007888,0.222041883,0.214274096,0.02446903,-0.07629291,11.61643836
30000000000000024384,166005,-0.136821301,0.160482094,0.10382066,0.181821271,-0.078557126,7.117808219
30379788,166005,-0.136821301,0.160482094,0.10382066,0.181821271,-0.078557126,5.643835616
30000000000000022897,166006,-0.161296832,0.432477947,0.542125365,0.037255625,-0.251970196,5.435616438
30000000000000016757,166009,-0.130549626,0.319254297,0.416379773,0.089361894,-0.173038272,6.161643836
30000000000000024384,166020,-0.142647675,0.237234302,0.182758166,0.247206782,-0.051096551,5.087671233
30000000000000024384,166024,-0.191407025,0.272213346,0.082030496,0.278690004,-0.066761667,5.167123288
30000000000000017731,168203,-0.347593583,0.024590164,0.091152815,2.387654321,-0.196769457,7.539726027
30000000000000017731,168204,-0.298685783,0.112436116,0.125766871,0.963464141,0.146776406,7.523287671
30000000000000097687,169104,-0.162245527,0.365583456,0.592290988,0.001039861,-0.183836282,5.975342466
30000000000000023475,180013,-0.204512573,0.230362865,0.42568568,-0.005796592,-0.150128768,7.660273973
30000000000000023484,180031,-0.184196891,0.365714286,0.346019145,0.065479309,-0.18120474,7.490410959
30000000000000013327,200001,-0.136923618,0.218783134,0.223707128,0.220443828,-0.248532468,5.797260274
30000000000000013242,200002,-0.07764783,0.123098071,0.133644741,0.000488685,-0.098504093,18.62465753
30000000000000013376,200007,-0.216741776,0.360164885,0.592008553,0.057078555,-0.222706981,5.797260274
30000000000000013242,200008,-0.295961382,0.577732715,0.664537918,-0.093031973,-0.206645557,9.542465753
30000000000000013376,200012,-0.199463087,0.455444715,0.891927836,0.111809749,-0.229556124,7.580821918
30000000000000021794,202001,-0.099029706,0.152395785,0.262523779,0.021100643,-0.093383186,10.10958904
30000000000000021794,202002,-0.098214657,0.153398865,0.250160436,0.020841424,-0.058806692,10.10958904
30000000000000022087,202003,-0.094231886,0.161270791,0.171913428,-0.011525245,-0.063348902,6.010958904
30000000000000206392,202005,-0.163864878,0.224568747,0.229930984,0.016915296,-0.102514669,7.008219178
30000000000000022080,202007,-0.16298021,0.457579972,0.524952015,-0.032671365,-0.11768617,7.443835616
30000000000000022188,202011,-0.08793456,0.180493274,0.230916031,-0.000261506,-0.090861482,7.482191781
30000000000000022071,202015,-0.204246962,0.333693221,0.302801787,-0.003758547,-0.172017512,9.630136986
30000000000000022183,202017,-0.321716113,0.430661681,0.414723365,0.069836308,-0.238576721,6.369863014
30000000000000022087,202023,-0.170338316,0.449502134,0.610855263,-0.04439834,-0.200828609,7.539726027
30000000000000206392,202212,-0.204623709,0.469815259,0.555919143,0.047487671,-0.196260447,5.465753425
30000000000000021635,206009,-0.15133413,0.362271234,0.576188823,-0.04996639,-0.146214099,11.4739726
30377321,213010,-0.18200692,0.464467005,0.39907461,0.003367003,-0.178721615,5.408219178
30000000000000021237,233001,-0.071887946,0.179901377,0.162136798,0.016830909,-0.123552481,5.605479452
30000000000000021237,233007,-0.131390311,0.433442147,0.455365939,0.012141256,-0.196116123,5.509589041
30000000000000021326,233011,-0.193757137,0.367327668,0.578400831,0.048578464,-0.167023555,5.934246575
30000000000000017746,240004,-0.085941658,0.116810381,0.185300413,0.125427161,0.042653312,14.79452055
30000000000000019657,240010,-0.323422372,0.248528516,0.417720486,0.330304089,-0.284127125,8.484931507
30000000000000018295,255010,-0.057621951,0.101261728,0.139705882,0.029571984,-0.010603383,9.01369863
30000000000000018289,257020,-0.120087336,0.107497244,0.17755611,0.038306023,-0.084836066,13.26027397
30000000000000018295,257030,-0.124757282,0.202440377,0.256588072,0.010366531,-0.034558824,7.682191781
30000000000000018239,257060,-0.298573838,0.238084827,0.384206799,0.39997417,-0.068329316,12.09041096
30000000000000021643,260103,-0.074143231,0.141788961,0.15399467,0.028559936,-0.064085724,7.260273973
30000000000000015927,260108,-0.068303095,0.298205422,0.453337271,-0.049362402,-0.089004105,7.734246575
30000000000000017320,270010,-0.193462152,0.295749259,0.247513613,-0.008101767,-0.171007717,8.756164384
30000000000000020177,288002,-0.19962541,0.23006434,0.318217853,0.135214364,-0.147629895,13.91232877
30000000000000022626,290002,-0.125665732,0.149758229,0.238768278,0.015405002,-0.160501154,6.506849315
30000000000000022604,290005,-0.15062534,0.202304738,0.396579369,0.122807018,-0.178918169,12.96438356
30000000000000022492,290012,-0.135759272,0.393522267,0.162885398,-0.053525476,0.053405995,10.8630137
30000000000000020537,320010,-0.183234421,0.448683015,0.385678392,0.006451613,-0.170339761,10.43287671
30000000000000020537,320014,-0.255136986,0.407973346,0.393368809,0.062634602,-0.176836158,5.345205479
30000000000000021311,340006,-0.085963719,0.176308608,0.194984896,0.082266943,-0.113648758,5.284931507
30000000000000024688,373010,-0.092208697,0.043406774,0.05360087,0.021871974,-0.05031941,6.178082192
30000000000000024683,373020,-0.162093474,0.385339022,0.445957034,0.035453952,-0.150574481,7.41369863
30000000000000024688,377010,-0.284421812,0.307453416,0.308316772,0.107172644,-0.185632101,7.290410959
30000000000000024396,377240,-0.35651289,0.701791359,0.788443616,0.315901871,-0.305271162,11.47671233
30000000000000018427,379010,-0.306710775,0.646216769,0.634898214,-0.003388252,-0.314402734,7.923287671
30000000000000024932,398011,-0.08537921,0.207453974,0.15566584,0.049925781,-0.134098293,8.123287671
30000000000000024937,398021,-0.262346463,0.140904915,0.314087062,0.522547652,-0.22151833,7.712328767
30000000000000024932,398031,-0.093470417,0.154525627,0.181336613,0.034737949,-0.146784314,8.789041096
30000000000000024937,398061,-0.328244275,0.559506173,0.67015873,0.133770239,-0.292682927,7.712328767
30000000000000015285,400007,-0.208044724,0.31609323,0.790187962,0.016268478,-0.351043823,7.665753425
30000000000000015320,400015,-0.202007664,0.188814499,0.858695034,0.475502885,-0.279060832,5.046575342
30000000000000015285,400025,-0.140681179,0.443295048,0.94128848,-0.191416667,-0.37537579,7.523287671
30000000000000018442,410003,-0.18515569,0.393628457,0.52722912,0.195467555,-0.154127419,5.802739726
30000000000000018375,410006,-0.278771432,0.381070451,0.349748181,0.270275298,-0.272241001,5.649315068
30000000000000018442,410007,-0.141781554,0.301404777,0.443095947,0.238826636,-0.135758022,8.268493151
30000000000000017892,450001,-0.058673846,0.211439765,0.309200065,0.121373549,-0.05505959,12.2630137
30000000000000017812,450002,-0.060572995,0.11471797,0.143897606,0.008085618,-0.037174025,8.038356164
30000000000000017892,450003,-0.106633907,0.273377338,0.336079792,0.087782509,-0.071428571,8.863013699
30000000000000017862,450004,-0.148834429,0.345505618,0.621791514,0.208950313,-0.153741125,5.868493151
30000000000000018039,450007,-0.23342078,0.407448671,0.383899699,0.074299787,-0.321916738,7.463013699
30000000000000017842,450008,-0.173615858,0.311000827,0.327640734,0.014997581,-0.149952245,9.78630137
30000000000000017812,450009,-0.128444256,0.28307393,0.33752381,0.097165992,-0.048135414,12.11232877
30000000000000017892,450011,-0.167020524,0.557349193,0.609769484,0.261565217,-0.171136301,10.61643836
30382111,457001,-0.153351699,0.307439825,0.513830679,-0.064534231,-0.169594185,7.024657534
30000000000000018975,460007,-0.268489745,0.724957555,0.678981528,0.168645358,-0.276295133,13.12328767
30381649,460009,-0.187684729,0.207398423,0.201511335,0.159168081,-0.111684482,7.794520548
30000000000000016654,470007,-0.169014085,0.197407777,0.186143573,0.042826552,-0.089347079,12.90684932
30000000000000016682,470008,-0.259537883,0.600145138,0.733272645,0.056402032,-0.275905751,13.03287671
30000000000000016888,470009,-0.295286769,0.482675262,0.560995624,0.088076369,-0.209024552,6.810958904
30000000000000016766,470068,-0.320810237,0.440249673,0.413996627,0.022712327,-0.243550308,7.989041096
30000000000000018845,470068,-0.320810237,0.440249673,0.413996627,0.022712327,-0.243550308,7.375342466
30000000000000016161,481001,-0.058593155,0.07448923,0.191459136,0.027184501,-0.058057082,8.82739726
30380228,481006,-0.234252175,0.368190528,0.716678438,0.193989563,-0.149817481,6.263013699
30000000000000016030,481008,-0.082878953,0.164090369,0.355168884,0.069714286,-0.076730906,10.07671233
30000000000000016297,481009,-0.149460432,0.211320223,0.175016038,-0.004219409,-0.112122131,8.210958904
30000000000000016030,481013,-0.160321716,0.314176245,0.626095424,-0.009711684,-0.133578431,8.008219178
30000000000000018117,501000,-0.229335494,0.07150368,-0.027504912,-0.083248731,-0.102108768,7.501369863
30000000000000016654,501005,-0.299958194,0.5613616,0.701744129,-0.148989168,-0.279053869,6.947945205
30000000000000016654,501007,-0.177377049,0.340860786,0.180385114,0.076277716,-0.146176972,6.02739726
30000000000000018845,501009,-0.246831047,0.531527378,0.900053817,-0.132352941,-0.268814675,6.02739726
30000000000000018845,501011,-0.2683627,0.057486812,0.215360865,0.413985414,-0.048565475,6.008219178
30000000000000016766,501030,-0.437237367,0.065900383,-0.006321113,0.235887097,-0.237490665,6.008219178
30000000000000016654,501036,-0.298243769,0.278926859,0.285882491,0.223936071,-0.170243642,5.394520548
30000000000000023475,501038,-0.235881573,0.527813114,0.834056812,0.009275656,-0.173055219,5.391780822
30000000000000097575,501049,-0.235237173,0.5771472,0.438367215,-0.074963198,-0.108615611,5.128767123
30000000000000022071,501302,-0.07212963,0.134957541,-0.072169519,-0.11459532,-0.04173495,5.449315068
30000000000000016766,501305,-0.137889808,0.162171711,-0.146079919,-0.009435089,0.001332042,5.104109589
30381531,502000,-0.232729604,0.356516291,0.459718571,0.273412271,-0.162597491,6.104109589
30000000000000018117,502020,-0.16384286,0.175128034,0.241255095,-0.091672498,-0.175019342,7.602739726
30382125,510090,-0.169039413,0.377313146,0.255487193,0.053995833,-0.101914908,6.495890411
30000000000000018239,510170,-0.312989045,0.257403189,0.412727273,0.422626788,-0.076286765,12.10410959
30000000000000026898,510310,-0.235548542,0.387003058,0.310411595,-0.01183101,-0.194738222,6.712328767
30000000000000019998,510330,-0.230578921,0.336953415,0.268686327,-0.016040251,-0.176738883,5.709589041
30000000000000017320,510360,-0.233541453,0.386368323,0.314921251,-0.005091119,-0.197359967,7.369863014
30000000000000022071,510500,-0.322702908,0.278976819,0.242117824,0.189935815,-0.179010469,9.698630137
30000000000000017320,510510,-0.320319687,0.274995771,0.242082806,0.196587254,-0.18611264,8.756164384
30000000000000026898,510580,-0.359704325,0.287466998,0.314749727,0.227766336,-0.174904068,6.712328767
30382125,510800,-0.195024478,0.408137948,0.294159105,-0.045287468,-0.165378445,5.02739726
30000000000000016654,510810,-0.201702554,0.207225289,-0.000104297,-0.019005385,-0.122757726,6.430136986
30000000000000026898,512010,-0.192501671,0.423325809,0.624601244,-0.149565042,-0.243987342,9.276712329
30000000000000026898,512070,-0.231132995,0.479774284,0.121553084,-0.122439369,-0.178998254,8.520547945
30381494,512120,-0.256410256,0.319596299,0.541260559,-0.125692373,-0.233038348,5.224657534
30000000000000022071,512200,-0.269896907,0.294449936,-0.061047786,-0.04858156,-0.095220078,5.353424658
30000000000000022183,512330,-0.323184153,0.741690751,0.071103291,0.17597409,-0.304500586,7.482191781
30000000000000020498,512500,-0.320531978,0.276885859,0.243336795,0.190301145,-0.181252989,6.2
30000000000000022183,512700,-0.107781537,0.343624743,0.042469176,0.008424994,-0.041209216,5.512328767
30000000000000022183,512900,-0.24308604,0.466434682,0.191470501,0.008553655,-0.259720196,5.81369863
30000000000000026898,513050,-0.293885997,0.32367829,0.448575838,-0.415222415,-0.150982506,5.991780822
30000000000000022071,513600,-0.079494195,0.148742164,-0.067212074,-0.118227349,-0.039777662,7.876712329
30000000000000023475,519001,-0.334560638,0.407650336,0.544451373,-0.053474931,-0.297067135,11.27123288
30000000000000016575,519008,-0.101123596,0.146456083,0.247416276,0.034691232,-0.094197187,12.90958904
30593893,519017,-0.106008287,0.176516029,0.221236029,0.104347826,-0.082736478,5.564383562
30000000000000020183,519029,-0.180269414,0.282745288,0.282961844,-0.007187781,-0.117059891,7.895890411
30000000000000016772,519069,-0.083419689,0.226681741,0.306302132,-0.019759296,-0.191360294,7.123287671
30382511,519087,-0.082529013,0.17003757,0.230009129,0.000900743,-0.026892715,5.62739726
30000000000000023108,519113,-0.355204736,0.510328998,0.597278226,0.415723067,-0.306089744,11.66575342
30000000000000023108,519120,-0.378038194,0.487447699,0.574160448,0.421624088,-0.312509376,9.775342466
30000000000000023183,519127,-0.056693989,0.26647357,0.251287922,0.028058878,-0.091234347,8.520547945
30000000000000023183,519175,-0.153256705,0.275311438,0.214165112,0.009114966,-0.133532672,5.898630137
30000000000000014864,519300,-0.093896362,0.116404086,0.118312681,0.005215821,-0.070400959,6.830136986
30000000000000018990,519688,-0.030567049,0.093838293,0.124411918,0.01818316,-0.041989992,5.580821918
30000000000000015545,519692,-0.187518405,0.404064199,0.426380539,0.062576752,-0.134827647,7.778082192
30377487,519696,-0.035320088,0.203311868,0.188455657,0.027813713,-0.077238335,7.115068493
30264047,519696,-0.035320088,0.203311868,0.188455657,0.027813713,-0.077238335,7.057534247
30000000000000019209,519700,-0.076287658,0.327722251,0.249005569,0.073228093,-0.012043477,7.663013699
30378692,519710,-0.17594154,0.203274216,0.569807037,0.031089978,-0.032589444,6.950684932
30382909,519727,-0.169947507,0.635573123,0.485172581,0.092149035,-0.15747549,5.265753425
30000000000000018990,519736,-0.133661337,0.471840984,0.494509044,0.051451187,-0.137324681,8.197260274
30000000000000019209,519756,-0.217936355,0.38594328,0.551693405,0.231492362,0.044061303,7.564383562
30000000000000018299,519767,-0.047923323,0.503355705,0.630157539,0.288461538,-0.153664825,6.660273973
30000000000000019078,519772,-0.11103352,0.577376277,0.643753136,-0.125349054,-0.234875445,6.139726027
30377487,519779,-0.176917236,0.305272895,0.55177305,0.065217391,-0.200609225,6.150684932
30000000000000019751,519908,-0.088924051,0.082667593,0.216346154,0.125350047,-0.071998096,9.726027397
30000000000000018234,530001,-0.160249431,0.202145215,0.478361998,0.211473085,-0.149191582,5.780821918
30382125,530010,-0.162799502,0.349547804,0.236006703,0.048997247,-0.096067564,6.495890411
30382125,530015,-0.222053463,0.514642718,0.265361563,-0.030741035,-0.164596496,5.260273973
30000000000000018150,530018,-0.308035714,0.462022254,0.501939273,0.036342453,-0.234062659,10.8
30000000000000021040,570005,-0.081603436,0.159781761,0.268646642,-0.024993281,-0.102542841,7.479452055
30000000000000198292,570006,-0.157297297,0.275817832,0.188669702,0.007751938,-0.219752031,5.01369863
30000000000000021083,570007,-0.133246244,0.154483798,0.336640212,-0.12953629,-0.406976744,5.742465753
30000000000000020998,571002,-0.170790172,0.215815826,0.235948827,0.061970948,-0.123708982,8.756164384
30000000000000025141,610006,-0.222413793,0.347376201,0.54600551,0.422752294,-0.28099818,7.882191781
30000000000000101228,620001,-0.144494474,0.1954254,0.300984867,-0.053724661,-0.118031929,7.21369863
30000000000000101228,620006,-0.286949006,0.457627119,0.432612313,0.024174528,-0.130609896,7.21369863
30000000000000020164,660006,-0.203660921,0.345196921,0.401015651,0.019618529,-0.222876517,7.084931507
30000000000000020164,660008,-0.226489967,0.371019262,0.293892589,-0.013940002,-0.187684449,10.41643836
30000000000000020164,660011,-0.318037774,0.243100084,0.200600826,0.160467183,-0.180307117,8.893150685
30380226,673071,-0.019244364,0.161419531,0.35710341,0.028675118,-0.035010941,5.75890411
30380226,673081,0.09852679,0.035970608,0.04807058,0.035677638,-0.205218187,5.75890411
30380226,673120,-0.038498556,0.176176176,0.631938514,0.08607864,-0.164631168,5.545205479
30249178,690005,-0.264904387,0.693425076,0.640382862,-0.039573393,-0.222287218,6.104109589
30391589,690011,-0.16149964,0.487532244,0.714535902,0.251484457,-0.257408975,5.019178082
30381526,700003,-0.287863071,0.698470503,0.648602151,0.767590618,-0.180937973,6.454794521
30380099,720001,-0.166301009,0.533684211,0.443366817,0.271553824,-0.083010085,8.120547945
